SYMB_COMPANY_NAME, SM_KEY_SYMBOL, SM_NEW_SYMBOL, SM_APPLICABLE_FROM
 NIPPON INDIA MF - NIPPON INDIA Dual Advantage FTF  Sr. x Plan E -  GO,RDAXEDG,NDAXEDG,30-OCT-2019
 NIPPON INDIA MF - NIPPON INDIA Dual Advantage FTF  Sr. x Plan E - DPO,RDAXEDD,NDAXEDD,30-OCT-2019
 NIPPON INDIA MF - NIPPON INDIA Dual Advantage FTF  Sr. x Plan E-DPGO,RDAXEDDG,NDAXEDDG,30-OCT-2019
 NIPPON INDIA MF-NIPPON INDIA Dual Advantage FTF Sr.x Plan E- DP- DPO,RDAXEDDD,NDAXEDDD,30-OCT-2019
3M India Limited,BIRLA3M,3MINDIA,15-JUN-2004
3P Land Holdings Limited,PDUMJEIND,3PLAND,04-MAY-2018
3P Land Holdings Limited,PDUMJEAGRO,PDUMJEIND,28-MAR-2008
63 moons technologies limited,FINANTECH,63MOONS,19-JAN-2017
A2Z Infra Engineering Limited,A2ZMES,A2ZINFRA,31-DEC-2014
AGC Networks Limited,AVAYAGCL,AGCNET,08-JUN-2010
AGC Networks Limited,TATATELECM,AVAYAGCL,01-NOV-2004
AMD Industries Limited,AMDMET,AMDIND,25-FEB-2008
ANDHRA PAPER LIMITED,ANDPAPER,ANDHRAPAP,05-MAR-2020
ANDHRA PAPER LIMITED,IPAPPM,ANDPAPER,22-JAN-2020
ANDHRA PAPER LIMITED,APPAPER,IPAPPM,21-JAN-2014
ANG Industries Limited,ANGAUTO,ANGIND,16-JUN-2010
ATN International Limited,ARIHANTCRE,ATNINT,17-SEP-2003
AVRO INDIA LIMITED,AVONMPL,AVROIND,01-NOV-2019
AXISCADES Technologies Limited,AXIS-IT&T,AXISCADES,08-OCT-2014
AXISCADES Technologies Limited,IT&T,AXIS-IT&T,16-AUG-2005
AYM Syntex Limited,WELSYNTEX,AYMSYNTEX,03-FEB-2016
Aban Offshore Limited,ABANLOYD,ABAN,18-AUG-2006
Aban Offshore Limited,ABANLLOYD,ABANLOYD,17-JAN-2005
Abhishek Corporation Limited,AML,ABHISHEK,26-JUN-2008
Accelya Solutions India Limited,KALECONSUL,ACCELYA,06-SEP-2012
Adani Enterprises Limited,ADANIEXPO,ADANIENT,20-SEP-2006
Adani Ports and Special Economic Zone Limited,MUNDRAPORT,ADANIPORTS,17-JAN-2012
Adani Total Gas Limited,ADANIGAS,ATGL,13-JAN-2021
Aditya Birla Chemicals (India) Limited,BCCL,ABCIL,09-MAR-2009
Aditya Birla Chemicals (India) Limited,BIHARCAUST,BCCL,05-DEC-2005
Aditya Birla Fashion and Retail Limited,PFRL,ABFRL,29-JAN-2016
Aditya Birla Money Limited,APOLLOSIND,BIRLAMONEY,09-SEP-2009
Aditya Birla Nuvo Limited,INDRAYON,ABIRLANUVO,07-DEC-2005
Ador Welding Limited,ADVANIORLI,ADORWELD,27-SEP-2004
Adroit Infotech Limited,SPHEREGSL,ADROITINFO,19-APR-2018
Adroit Infotech Limited,COLORCHIPS,SPHEREGSL,13-OCT-2015
Adroit Infotech Limited,ARHAMFISCL,COLORCHIPS,04-APR-2006
Advani Hotels & Resorts (India) Limited,RAMADHOTEL,ADVANIHOTR,25-JUN-2007
Aftek Limited,AFTEKINFO,AFTEK,27-NOV-2006
Agro Tech Foods Limited,ITCAGRO,ATFL,31-DEC-2002
Ajmera Realty & Infra India Limited,SHREE,AJMERA,23-JUN-2009
Akzo Nobel India Limited,ICI,AKZOINDIA,27-MAY-2010
Alembic Limited,ALMBICHEM,ALEMBICLTD,22-SEP-1999
Alicon Castalloy Limited,ENKEI,ALICON,04-MAR-2011
Ambuja Cement Rajasthan Limited,DLFCEMENT,AMBUJARAJN,20-AUG-2001
Ambuja Cements Limited,GUJAMBCEM,AMBUJACEM,24-JUL-2007
Amj Land Holdings Limited,PDUMJEPULP,AMJLAND,19-JAN-2018
Anik Industries Limited,MPGLYCEM,ANIKINDS,21-MAY-2008
Ansal Properties & Infrastructure Limited,ANSALINFRA,ANSALAPI,14-MAY-2010
Ansal Properties & Infrastructure Limited,ANSALPROP,ANSALINFRA,27-JAN-2006
Apcotex Industries Limited,APCOTEXLAT,APCOTEXIND,01-NOV-2006
Arrow Greentech Limited,ARROWCOAT,ARROWGREEN,11-MAY-2016
Arvind Limited,ARVINDMILL,ARVIND,07-JUL-2008
Arvind SmartSpaces Limited,ARVINFRA,ARVSMART,05-DEC-2016
AstraZeneca Pharma India Limited,ASTRAIDL,ASTRAZEN,10-APR-2007
Atcom Technologies Limited,ATCOIND,ATCOM,29-APR-2004
Atul Limited,ATULPROD,ATUL,10-MAR-2005
Ausom Enterprise Limited,COREEMBLG,AUSOMENT,01-DEC-2009
Ausom Enterprise Limited,COREBIO,COREEMBLG,15-OCT-2001
Automotive Stampings and Assemblies Limited,JBMT,ASAL,14-OCT-2003
Aventus Buildcon Limited,RATNAINFRA,AVENTUS,03-AUG-2017
Axis Bank Limited,UTIBANK,AXISBANK,16-AUG-2007
Aztecsoft Limited,AZTEC,AZTECSOFT,20-SEP-2006
BALAXI PHARMACEUTICALS LIMITED,ANANDAMRUB,BALAXI,27-SEP-2017
BIRLASOFT LIMITED,KPIT,BSOFT,26-FEB-2019
BOROSIL RENEWABLES LIMITED,BOROSIL,BORORENEW,20-FEB-2020
BS Limited,BSTRANSCOM,BSLIMITED,29-NOV-2012
BSEL Infrastructure Realty Limited,BSELINFO,BSELINFRA,12-MAR-2004
Baba Agro Food Limited,SKML,BABAFOOD,27-MAY-2019
Bajaj Consumer Care Limited,BAJAJCORP,BAJAJCON,15-JAN-2019
Bajaj Finance Limited,BAJAUTOFIN,BAJFINANCE,29-SEP-2010
Bajaj Holdings & Investment Limited,BAJAJAUTO,BAJAJHLDNG,14-MAR-2008
Balkrishna Paper Mills Limited,NIRVIKARA,BALKRISHNA,06-SEP-2016
Banco Products (I) Limited,BANCOPROD,BANCOINDIA,22-DEC-2006
Bhagyanagar India Limited,BAGYAMETAL,BHAGYNAGAR,12-SEP-2006
Bhansali Engineering Polymers Limited,BHANSALENG,BEPL,21-MAR-2005
Bharat Bijlee Limited,BARATBIJLE,BBL,21-NOV-2006
Bharat Financial Inclusion Limited,SKSMICRO,BHARATFIN,01-JUL-2016
Bharati Defence and Infrastructure Limited,BHARTISHIP,BHARATIDIL,26-FEB-2016
Bharti Airtel Limited,BHARTI,BHARTIARTL,19-JUN-2006
Birla Cable Limited,BIRLAERIC,BIRLACABLE,26-SEP-2016
Birla Corporation Limited,BIRLAJUTE,BIRLACORPN,28-JUL-2008
Birla Power Solutions Limited,BIRLAYAMAH,BIRLAPOWER,06-JUN-2007
Bkm Industries Limited,MANAKINDST,BKMINDST,23-NOV-2017
Blue Coast Hotels Limited,MOREPENHTL,BLUECOAST,05-DEC-2006
Bosch Chassis Systems India Limited,KALYANBRAK,BOSCHCHASY,10-FEB-2006
Bosch Limited,MICO,BOSCHLTD,28-FEB-2008
Brabourne Enterprises Limited,RPGLS,BRABOURNE,14-MAR-2008
Brabourne Enterprises Limited,SEARLEIND,RPGLS,05-DEC-2006
Brightcom Group Limited,LYCOS,BCG,08-OCT-2018
CG Power and Industrial Solutions Limited,CROMPGREAV,CGPOWER,08-MAR-2017
CORE Education & Technologies Limited,COREPROTEC,COREEDUTEC,07-SEP-2011
Capital First Limited,FCH,CAPF,06-DEC-2012
Capri Global Capital Limited,MMFSL,CGCL,05-AUG-2013
Career Point Limited,CPIL,CAREERP,16-NOV-2011
Carol Info Services Limited,WOCKLIFE,CAROLINFO,27-SEP-2004
Castex Technologies Limited,AMTEKINDIA,CASTEXTECH,11-JUN-2015
Centurion Bank of Punjab Limited,CENBNK,CENTBOP,06-DEC-2005
Chennai Petroleum Corporation Limited,MADRASREFN,CHENNPETRO,09-AUG-2000
Chettinad Cement Corporation Limited,CHETNADCEM,CHETTINAD,17-MAY-2007
Cholamandalam Financial Holdings Limited,TIFIN,CHOLAHLDNG,09-APR-2019
Cholamandalam Investment and Finance Company Limited,CHOLADBS,CHOLAFIN,22-JUN-2010
Cholamandalam Investment and Finance Company Limited,CHOLAINV,CHOLADBS,01-JUN-2006
Cineline India Limited,CINEPRO,CINELINE,23-AUG-2013
Clariant Chemicals (India) Limited,COLORCHEM,CLNINDIA,05-JUN-2006
Coforge Limited,NIITTECH,COFORGE,20-AUG-2020
Coral Hub Limited,VITLINFO,CORALHUB,26-JUL-2010
Coromandel International Limited,COROMNFERT,COROMANDEL,12-OCT-2009
Country Condo's Limited,NEOCURE,COUNCODOS,31-AUG-2012
Crest Animation Studios Limited,CRESTCOMM,CRESTANI,04-JAN-2005
Crest Ventures Limited,SHARRESLTD,CREST,16-OCT-2014
Crest Ventures Limited,SHARYANRES,SHARRESLTD,27-DEC-2006
Cummins India Limited,KIRLOSKCUM,CUMMINSIND,17-JUN-2005
Cura Technologies Limited,SOFTPRO,CURATECH,23-NOV-2010
Cyient Limited,INFOTECENT,CYIENT,22-MAY-2014
DCB Bank Limited,DCB,DCBBANK,15-JAN-2014
DCM Shriram Limited,DCMSRMCONS,DCMSHRIRAM,13-MAR-2014
DEEP ENERGY RESOURCES LIMITED,DEEPIND,DEEPENR,30-SEP-2020
DIC India Limited,COATESIND,DICIND,06-SEP-2004
Dalmia Bharat Limited,DALMIABEL,DALMIABHA,09-JAN-2013
Dalmia Bharat Sugar and Industries Limited,DALMIACEM,DALMIASUG,30-SEP-2010
Dalmia Refractories Limited,SHRINATRAJ,DALMIAREF,22-MAY-2014
Datamatics Global Services Limited,DATATECH,DATAMATICS,20-APR-2009
De Nora India Limited,TITANOCOMP,DENORA,20-AUG-2007
Deccan Cements Limited,DECCANCEM,DECCANCE,02-AUG-2007
Delta Corp Limited,ARROWGROUP,DELTACORP,11-DEC-2008
Delta Manufacturing Limited,GPELECT,DELTAMAGNT,15-DEC-2008
Dewan Housing Finance Corporation Limited,DEWANHOUS,DHFL,22-MAY-2012
Dhani Loans and Services Limited,ICFL,DHANILOANS,17-SEP-2020
Dhani Services Limited,IBVENTPP,DHANIPP,28-OCT-2020
Dhani Services Limited,IBVENTURES,DHANI,28-OCT-2020
Dhani Services Limited,IBSEC,IBVENTURES,01-APR-2015
Dhunseri Ventures Limited,DPL,DVL,02-JAN-2019
Dhunseri Ventures Limited,DPTL,DPL,12-NOV-2014
Dhunseri Ventures Limited,DTIL,DPTL,26-JUL-2010
DiGiSPICE Technologies Limited,SPICEMOBI,DIGISPICE,28-AUG-2019
DiGiSPICE Technologies Limited,SMOBILITY,SPICEMOBI,19-AUG-2014
DiGiSPICE Technologies Limited,SPICEMOBIL,SMOBILITY,26-JUL-2011
Digjam Limited,BVXL,DIGJAM,28-APR-2008
Dr. Datson's Labs Limited,AANJANEYA,DRDATSONS,02-SEP-2013
Ducon Infratechnologies Limited,DYNATECH,DUCON,11-MAY-2016
E-Land Apparel Limited,MUDRA,ELAND,13-MAR-2015
EBIXCASH WORLD MONEY INDIA LIMITED,WEIZFOREX,EBIXFOREX,20-MAR-2020
EIH Associated Hotels Limited,OBERHOTEL,EIHAHOTELS,08-APR-2008
EPL Limited,ESSELPACK,EPL,19-OCT-2020
Edelweiss Fixed Maturity Plan - Series 14 - DP-GO,JD14G,ED14G,28-NOV-2016
Edelweiss Fixed Maturity Plan - Series 14 - Direct Plan - Dividend,JD14D,ED14D,28-NOV-2016
Edelweiss Fixed Maturity Plan - Series 14 - Regular Plan - Dividend,JP14D,E14D,28-NOV-2016
Edelweiss Fixed Maturity Plan - Series 14 - Regular Plan - Growth,JP14G,E14G,28-NOV-2016
Edelweiss Fixed Maturity Plan - Series 20 - Direct Plan - Dividend,JD20D,ED20D,28-NOV-2016
Edelweiss Fixed Maturity Plan - Series 20 - Direct Plan - Growth,JD20G,ED20G,28-NOV-2016
Edelweiss Fixed Maturity Plan - Series 20 - Regular Plan - Dividend,JP20D,E20D,28-NOV-2016
Edelweiss Fixed Maturity Plan - Series 20 - Regular Plan - Growth,JP20G,E20G,28-NOV-2016
Edelweiss Fixed Maturity Plan - Series 35 - Direct Plan - Growth,JD35G,ED35G,28-NOV-2016
Edelweiss Fixed Maturity Plan - Series 35 - Regular Plan - Dividend,JP35D,E35D,28-NOV-2016
Edelweiss Fixed Maturity Plan - Series 35 - Regular Plan - Growth,JP35G,E35G,28-NOV-2016
Edelweiss Fixed Maturity Plan - Series 37 - Direct Plan - Growth,JD37G,ED37G,28-NOV-2016
Edelweiss Fixed Maturity Plan - Series 37 - Regular Plan - Dividend,JP37D,E37D,28-NOV-2016
Edelweiss Fixed Maturity Plan - Series 37 - Regular Plan - Growth,JP37G,E37G,28-NOV-2016
Edelweiss Fixed Maturity Plan - Series 38 - Direct Plan - Growth,JD38G,ED38G,28-NOV-2016
Edelweiss Fixed Maturity Plan - Series 38 - Regular Plan - Dividend,JP38D,E38D,28-NOV-2016
Edelweiss Fixed Maturity Plan - Series 38 - Regular Plan - Growth,JP38G,E38G,28-NOV-2016
Edelweiss Fixed Maturity Plan - Series 40 - Direct Plan - Growth,JD40G,ED40G,28-NOV-2016
Edelweiss Fixed Maturity Plan - Series 40 - Regular Plan - Dividend,JP40D,E40D,28-NOV-2016
Edelweiss Fixed Maturity Plan - Series 40 - Regular Plan - Growth,JP40G,E40G,28-NOV-2016
Edelweiss Fixed Maturity Plan - Series 502 - Dividend Option,J502D,E502D,28-NOV-2016
Edelweiss Fixed Maturity Plan - Series 502 - Growth Option,J502G,E502G,28-NOV-2016
Edelweiss Income Fund - Series 501 - Dividend,J501D,E501D,28-NOV-2016
Edelweiss Income Fund - Series 501 - Growth,J501G,E501G,28-NOV-2016
Elecon Engineering Company Limited,ELECONENGG,ELECON,29-SEP-2006
Elgi Rubber Company Limited,ELGITYRE,ELGIRUBBER,22-DEC-2008
Emami Realty Limited,EMAMIINFRA,EMAMIREAL,15-NOV-2018
Entegra Limited,INDUJENERT,ENTEGRA,25-APR-2007
Eon Electric Limited,INDOASIFU,EONELECT,18-AUG-2011
Era Infra Engineering Limited,ERACONS,ERAINFRA,25-FEB-2008
Everest Industries Limited,ETERNEVRST,EVERESTIND,27-MAY-2005
Excel Realty N Infra Limited,EXCELINFO,EXCEL,05-MAY-2015
Exide Industries Limited,CHLORIDIND,EXIDEIND,12-SEP-2005
Expleo Solutions Limited,SQSBFSI,EXPLEOSOL,02-MAY-2019
Expleo Solutions Limited,THINKSOFT,SQSBFSI,30-SEP-2014
FORCE MOTORS LTD,BAJAJTEMPO,FORCEMOT,19-AUG-2019
Fame India Limited,SHRINGAR,FAME,25-FEB-2008
Fedders Electric and Engineering Limited,FEDDERLOYD,FEDDERELEC,13-JUN-2017
Federal-Mogul Goetze (India) Limited.,GOETZEIND,FMGOETZE,12-SEP-2006
Fidelity Mutual Fund - Fidelity Fixed Maturity Plan -SVI- Plan F - DP,FIFMPS6FD,LTFMPS6FD,14-JAN-2013
Flextronics Software Systems Limited,HUGHESSOFT,FSS,17-MAR-2005
Fresenius Kabi Oncology Limited,DABURPHARM,FKONCO,19-FEB-2009
Future Consumer Limited,FCEL,FCONSUMER,25-OCT-2016
Future Consumer Limited,FVIL,FCEL,17-OCT-2013
Future Enterprises Limited,FRL,FEL,13-MAY-2016
Future Enterprises Limited,FRLDVR,FELDVR,13-MAY-2016
Future Enterprises Limited,PRETAILDVR,FRLDVR,11-APR-2013
Future Enterprises Limited,PANTALOONR,FRL,11-APR-2013
Future Market Networks Limited,AGRE,FMNL,06-MAR-2012
GB Global Limited,MIL,GBGLOBAL,09-SEP-2019
GE Power India Limited,AIL,GEPIL,14-SEP-2016
GE Power India Limited,APIL,AIL,11-JUL-2012
GE Power India Limited,ABBALPO,APIL,19-MAY-2003
GE T&D India Limited,ALSTOMT&D,GET&D,14-SEP-2016
GE T&D India Limited,AREVAT&D,ALSTOMT&D,12-MAR-2012
GE T&D India Limited,AREVA,AREVAT&D,14-JUL-2008
GE T&D India Limited,GECALSTHOM,AREVA,30-JUN-2008
GFL Limited,GUJFLUORO,GFLLIMITED,25-JUL-2019
GMR Industries Limited,GMRVASAVI,GMRINDSTRS,28-APR-2006
GOCL Corporation Limited,GULFCORP,GOCLCORP,10-NOV-2015
GP Petroleums Limited,SAHPETRO,GULFPETRO,06-MAY-2015
GSL Nova Petrochemicals Limited,NOVA,GSLNOVA,18-DEC-2009
GSS Infotech Limited,GSSAMERICA,GSS,24-AUG-2011
GTL Limited,GLOBALTELE,GTL,14-JAN-2005
GTN Industries Limited,GTNTEXT,GTNIND,24-FEB-2006
Ganesh Housing Corporation Limited,GANHSGFIN,GANESHHOUC,02-MAR-2007
Garware Technical Fibres Limited,GARWALLROP,GARFIBRES,13-AUG-2018
GeeCee Ventures Limited,GWALCHEM,GEECEE,05-MAR-2010
Genus Power Infrastructures Limited,GENUSOVERE,GENUSPOWER,14-JAN-2008
Geodesic Limited,GEOINFO,GEODESIC,06-OCT-2008
Geojit Financial Services Limited,GEOJITBNPP,GEOJITFSL,02-MAR-2017
Geojit Financial Services Limited,GEOJIT,GEOJITBNPP,05-JUN-2009
Gillette India Limited,INDSHAVING,GILLETTE,04-APR-2006
GlaxoSmithKline Consumer Healthcare Limited,SMITKLBECH,GSKCONS,29-JUL-2003
Global Offshore Services Limited,GARWOFFS,GLOBOFFS,07-JUN-2011
Glodyne Technoserve Limited,PARADYNE,GLODYNE,19-NOV-2007
Golden Tobacco Limited,GTCIND,GOLDENTOBC,29-SEP-2008
Graphite India Limited,CARBEVFLOW,GRAPHITE,13-JAN-2003
Greaves Cotton Limited,GREAVES,GREAVESCOT,09-SEP-2004
Greenply Industries Limited,MITTALLAMI,GREENPLY,09-DEC-2004
Gujarat Apollo Industries Limited,GUJAPOLIND,GUJAPOLLO,06-JUL-2007
Gujarat Apollo Industries Limited,GUJAPOLEQP,GUJAPOLIND,04-JUN-2007
Gulf Oil Corporation Limited,IDLCHEM,GULFOILCOR,08-NOV-2007
HCL Infosystems Limited,HCL-HP,HCL-INSYS,12-APR-2000
HIL Limited,HYDRBADIND,HIL,26-OCT-2012
HLV LIMITED,HOTELEELA,HLVLTD,08-JAN-2020
HSBC InvestDirect (India) Limited,INVSTSMART,HINVDIR,07-SEP-2009
HSIL Limited,HINDSANIT,HSIL,27-APR-2009
HeidelbergCement India Limited,MYSORECEM,HEIDELBERG,15-MAY-2009
Hero MotoCorp Limited,HEROHONDA,HEROMOTOCO,08-AUG-2011
Himadri Speciality Chemical Limited,HCIL,HSCL,16-AUG-2016
Himadri Speciality Chemical Limited,HIMADCHEM,HCIL,02-MAR-2007
Hindalco Industries Limited,HINDALC0,HINDALCO,27-AUG-2007
Hinduja Foundries Limited,ENNOREFO,HINDUJAFO,24-MAR-2008
Hinduja Global Solutions Limited,HGSL,HGS,30-NOV-2011
Hinduja Global Solutions Limited,HTMTGLOBAL,HGSL,23-JAN-2009
Hinduja TMT Limited,HINDUJAFIN,HTMT,13-JAN-2003
Hindustan Construction Company Limited,HINDCONS,HCC,10-JUL-2006
Hindustan Unilever Limited,HINDLEVER,HINDUNILVR,19-JUL-2007
Hitech Corporation Limited,HITECHPLAS,HITECHCORP,23-MAY-2017
Honda India Power Products Limited,SHRMHONDA,HONDAPOWER,04-APR-2006
Honeywell Automation India Limited,TATAHONEY,HONAUT,24-MAR-2005
Hubtown Limited,ACKRUTI,HUBTOWN,15-NOV-2011
Hubtown Limited,AKRUTI,ACKRUTI,30-JUN-2009
Huhtamaki India Limited,PAPERPROD,HUHTAMAKI,26-NOV-2020
ICICI Prudential Bank ETF Nifty Bank Index,IPRU5008,ICICIBANKN,19-JUL-2019
ICICI Prudential Gold ETF,GOLDIWIN,ICICIGOLD,10-APR-2018
ICICI Prudential Gold ETF,IGOLD,GOLDIWIN,25-JUL-2016
ICICI Prudential Gold ETF,IPGETF,IGOLD,05-MAY-2014
ICICI Prudential MF - ICICI Prudential IF S1 - DQDP,IPRU8112,IPRU8122,16-DEC-2013
ICICI Prudential Midcap Select ETF,MIDCAPIWIN,ICICIMCAP,10-APR-2018
ICICI Prudential Midcap Select ETF,IMIDCAP,MIDCAPIWIN,25-JUL-2016
ICICI Prudential Mutual Fund - BHARAT 22 ETF,BHARATIWIN,ICICIB22,19-APR-2018
ICICI Prudential NV20 ETF,NV20IWIN,ICICINV20,10-APR-2018
ICICI Prudential NV20 ETF,INV20,NV20IWIN,25-JUL-2016
ICICI Prudential Nifty 100 ETF,NIF100IWIN,ICICINF100,10-APR-2018
ICICI Prudential Nifty 100 ETF,ICNX100,NIF100IWIN,25-JUL-2016
ICICI Prudential Nifty 100 ETF,ICCNX100,ICNX100,05-MAY-2014
ICICI Prudential Nifty ETF,NIFTYIWIN,ICICINIFTY,10-APR-2018
ICICI Prudential Nifty ETF,INIFTY,NIFTYIWIN,25-JUL-2016
ICICI Prudential Nifty ETF,NIFETF,INIFTY,05-MAY-2014
ICICI Prudential Nifty Low Vol 30 ETF,LOWVOLIWIN,ICICILOVOL,10-APR-2018
ICICI Prudential Sensex ETF,SENSEXIWIN,ICICISENSX,10-APR-2018
ICICI Prudential Sensex ETF,ISENSEX,SENSEXIWIN,25-JUL-2016
ICICI Prudential Sensex ETF,SPICE,ISENSEX,18-AUG-2014
IDFC First Bank Limited,IDFCBANK,IDFCFIRSTB,16-JAN-2019
IG Petrochemicals Limited,IGPETRO,IGPL,29-JAN-2007
IIFL Finance Limited,INDIAINFO,IIFL,13-MAR-2014
IL&FS Engineering and Construction Company Limited,MAYTASINFR,IL&FSENGG,08-FEB-2011
IL&FS Transportation Networks Limited,ILFSTRANS,IL&FSTRANS,16-APR-2010
INCREDIBLE INDUSTRIES LIMITED,ADHUNIKIND,INCREDIBLE,20-MAY-2021
INEOS Styrolution India Limited,STYABS,INEOSSTYRO,04-APR-2016
INEOS Styrolution India Limited,INEABS,STYABS,20-JUN-2012
INEOS Styrolution India Limited,LANABS,INEABS,21-JUL-2008
INEOS Styrolution India Limited,ABSIND,LANABS,14-JUN-2005
ING Vysya Bank Limited,VYSYABANK,INGVYSYABK,16-AUG-2005
IOL Netcom Limited,IOLB,IOLN,18-FEB-2008
ITD Cementation India Limited,TRAFALHSE,ITDCEM,16-AUG-2005
IVRCL Assets & Holdings Limited,IVRPRIME,IVRCLAH,13-APR-2010
IZMO Limited,LOGIXMICRO,IZMO,15-MAY-2015
Igarashi Motors India Limited,CGIGARSH,IGARASHI,21-APR-2005
Imagicaaworld Entertainment Limited,ADLABS,IMAGICAA,22-APR-2020
Indbank Merchant Banking Services Limited,INDBANKMER,INDBANK,08-OCT-2008
India Infoline Finance Limited,IIISL,IIFLFIN,27-AUG-2012
Indo Count Industries Limited,INDOCOUNT,ICIL,12-SEP-2005
Indus Towers Limited,INFRATEL,INDUSTOWER,18-DEC-2020
Infomedia India Limited,TATAPRESS,TATAINFO,17-SEP-2003
Infosys Limited,INFOSYSTCH,INFY,29-JUN-2011
Insecticides (India) Limited,IILTD,INSECTICID,11-MAY-2009
Inspirisys Solutions Limited,AFL,INSPIRISYS,12-OCT-2018
Invesco India Gold Exchange Traded Fund,RELIGAREGO,IVZINGOLD,23-JUN-2016
Invesco India Nifty Exchange Traded Fund,RELGRNIFTY,IVZINNIFTY,23-JUN-2016
Invesco MF – Invesco India AIF - Sr 1 - Pl B - DS-P-GO,RIMFAI1BDG,IVZINA1BDG,23-JUN-2016
Invesco MF – Invesco India AIF - Sr 1 - Pl B - RS-P-GO,RIMFAI1BRG,IVZINA1BRG,23-JUN-2016
JBM Auto Limited,JBMAUTOCOM,JBMA,04-JAN-2006
JD Orgochem Limited,JAYSYNTDYE,JDORGO,13-SEP-2004
JSW Holdings Limited,JINDALSWHL,JSWHL,30-JUL-2013
JSW ISPAT Steel Limited,ISPATIND,JSWISPAT,16-AUG-2011
JSW Ispat Special Products Limited,AIONJSW,JSWISPL,12-OCT-2020
JSW Steel Limited,JSWSTL,JSWSTEEL,16-SEP-2005
Jai Balaji Industries Limited,BALASPONGE,JAIBALAJI,10-AUG-2007
Jaiprakash Power Ventures Limited,JPHYDRO,JPPOWER,08-JAN-2010
Jayaswal Neco Industries Limited,NAGPURENG,JAYNECOIND,22-FEB-2008
Jindal Saw Limited,SAWPIPES,JINDALSAW,18-FEB-2005
Jindal Stainless Limited,JSTAINLESS,JSL,23-OCT-2008
Johnson Controls - Hitachi Air Conditioning India Limited,HITACHIHOM,JCHAC,12-SEP-2016
Johnson Controls - Hitachi Air Conditioning India Limited,AMTREXAPPL,HITACHIHOM,04-APR-2006
Jtekt India Limited,SONASTEER,JTEKTINDIA,23-APR-2018
Jubilant Pharmova Limited,JUBILANT,JUBLPHARMA,12-FEB-2021
Jubilant Pharmova Limited,VAMORGANIC,JUBILANT,30-SEP-2003
KSS Limited,KSERAPRO,KSERASERA,07-MAR-2011
Kalyani Steels Limited,KALYANISTL,KALSTEELS,21-OCT-2008
Kamdhenu Limited,KIL,KAMDHENU,18-MAR-2016
Kansai Nerolac Paints Limited,GOODLASNER,KANSAINER,26-JUL-2006
Karuturi Global Limited,KNL,KGL,20-NOV-2008
Kennametal India Limited,WIDIA,KENNAMET,19-AUG-2019
Kesar Enterprises Limited,KESARENTER,KESARENT,02-JAN-2007
Keynote Financial Services Limited,KEYCORPSER,KEYFINSERV,03-MAY-2019
Kinetic Motor Company Limited,KINHONDA,KINETICMOT,20-SEP-2004
Kingfisher Airlines Limited,AIRDECCAN,KFA,06-OCT-2008
Kiri Industries Limited,KIRIDYES,KIRIINDUS,28-MAR-2011
Kirloskar Electric Company Limited,KIRELECTRI,KECL,09-MAR-2010
Kohinoor Foods Limited,SATNAMOVER,KOHINOOR,18-AUG-2006
Kokuyo Camlin Limited,CAMLIN,KOKUYOCMLN,14-FEB-2012
Kotak Mahindra Bank Limited,KOTAKMAH,KOTAKBANK,21-APR-2003
Kotak Mahindra MF - Kotak NV 20 ETF - DPO,KTKNV20ETF,KOTAKNV20,21-DEC-2015
Ksb Limited,KSBPUMPS,KSB,23-OCT-2018
L&T Fixed Maturity Plan Series - VI Plan F,FIFMPS6FG,LTFMPS6FG,14-JAN-2013
L&T Fixed Maturity Plane Series - VI Plan E,FIFMPS6EG,LTFMPS6EG,14-JAN-2013
L&T Fixed Maturiy Plan Series - VI Plan F,FIFMPS6ED,LTFMPS6ED,14-JAN-2013
LEEL Electricals Limited,LLOYDELENG,LEEL,19-JUN-2017
LIC MF - LIC MF EXCHANGE TRADED FUND - NIFTY 50,LICNFENGP,LICNETFN50,30-DEC-2015
LIC MF - LIC MF G-sec LT ETF - GO,LICNMFET,LICNETFGSC,30-DEC-2015
LIC Mutual Fund - LIC MF EXCHANGE TRADED FUND - SENSEX,LICNFESGP,LICNETFSEN,30-DEC-2015
Linde India Limited,BOC,LINDEINDIA,10-APR-2013
Linde India Limited,IOL,BOC,10-MAR-2005
Lotte India Corporation Limited,PARRYSCON,LOTTEINDIA,17-DEC-2004
MM Forgings Limited,MMFORGINGS,MMFL,20-DEC-2006
MPS Limited,MACMILLAN,MPSLTD,11-SEP-2009
Maan Aluminium Limited,MANALU,MAANALU,16-MAR-2011
Madura Coats Limited,COATVIYELA,MADURACOAT,29-NOV-2002
Mahindra CIE Automotive Limited,MAHINDFORG,MAHINDCIE,17-DEC-2013
Mahindra Lifespace Developers Limited,GESCOCORP,MAHLIFE,23-NOV-2007
Man Industries (India) Limited,MANALUMN,MANINDS,24-JUN-2005
Marico Limited,MARICOIND,MARICO,14-JUN-2005
Marksans Pharma Limited,TASCPHARMA,MARKSANS,14-NOV-2005
Max Financial Services Limited,MAX,MFSL,26-FEB-2016
Mercator Limited,MLL,MERCATOR,08-DEC-2011
Metalyst Forgings Limited,AHMEDFORGE,METALFORGE,01-JUN-2015
Metkore Alloys & Industries Limited,CRONIMET,METKORE,02-APR-2012
Metkore Alloys & Industries Limited,GMRFER,CRONIMET,02-JUN-2010
Micro Inks Limited,HINDINKS,MICRO,26-MAR-2004
Mirza International Limited,MIRZATAN,MIRZAINT,05-JUL-2006
Mohota Industries Limited,MOHOTAMILL,MOHOTAIND,26-DEC-2017
Mohota Industries Limited,RAIREKMOH,MOHOTAMILL,01-AUG-2017
Motilal Oswal Mutual Fund - Motilal Oswal 5 Year G Sec ETF - Growth,G5,MOGSEC,16-JUN-2021
Motilal Oswal Mutual Fund - Motilal Oswal MOSt Shares M100 ETF GO,M100,MOM100,16-JUN-2021
Motilal Oswal Mutual Fund - Motilal Oswal MOSt Shares M50 ETF,M50,MOM50,16-JUN-2021
Motilal Oswal Mutual Fund-Motilal Oswal MOSt Shares NASDAQ 100 ETF -GO,N100,MON100,16-JUN-2021
MphasiS Limited,MPHASISBFL,MPHASIS,26-DEC-2006
MphasiS Limited,BFLSOFTWAR,MPHASISBFL,15-JUN-2004
NACL Industries Limited,NAGAAGRI,NACLIND,29-SEP-2017
NCC Limited,NAGARCONST,NCC,15-MAR-2011
NIPPON INDIA ETF CONSUMPTION,RELCONS,NETFCONSUM,30-OCT-2019
NIPPON INDIA ETF DIVIDEND OPPORTUNITIES,RELDIVOPP,NETFDIVOPP,30-OCT-2019
NIPPON INDIA ETF LONG TERM GILT,RRSLGETF,NETFLTGILT,30-OCT-2019
NIPPON INDIA ETF NIFTY 100,RELCNX100,NETFNIF100,30-OCT-2019
NIPPON INDIA ETF NIFTY MIDCAP 150,RETFMID150,NETFMID150,30-OCT-2019
NIPPON INDIA ETF NV20,RELNV20,NETFNV20,30-OCT-2019
NIPPON INDIA MF - NIPPON INDIA Dual Adv FTF Sr III Pl A - DP-GO,RDAIIIADG,NDAIIIADG,30-OCT-2019
NIPPON INDIA MF - NIPPON INDIA Dual Adv FTF Sr III Pl A - DPO,RDAIIIARD,NDAIIIARD,30-OCT-2019
NIPPON INDIA MF - NIPPON INDIA Dual Adv FTF Sr III Pl A - GO,RDAIIIARG,NDAIIIARG,30-OCT-2019
NIPPON INDIA MF - NIPPON INDIA Dual Adv FTF Sr IX Pl D - DP-DPO,RDAIXDDD,NDAIXDDD,30-OCT-2019
NIPPON INDIA MF - NIPPON INDIA Dual Adv FTF Sr IX Pl D - DP-GO,RDAIXDDG,NDAIXDDG,30-OCT-2019
NIPPON INDIA MF - NIPPON INDIA Dual Adv FTF Sr IX Pl D - DPO,RDAIXDD,NDAIXDD,30-OCT-2019
NIPPON INDIA MF - NIPPON INDIA Dual Adv FTF Sr IX Pl D - GO,RDAIXDG,NDAIXDG,30-OCT-2019
NIPPON INDIA MF - NIPPON INDIA Dual Adv FTF Sr IX Pl E - DP-DPO,RDAIXEDDD,NDAIXEDDD,30-OCT-2019
NIPPON INDIA MF - NIPPON INDIA Dual Adv FTF Sr IX Pl E - DP-GO,RDAIXEDDG,NDAIXEDDG,30-OCT-2019
NIPPON INDIA MF - NIPPON INDIA Dual Adv FTF Sr IX Pl E - DPO,RDAIXEDD,NDAIXEDD,30-OCT-2019
NIPPON INDIA MF - NIPPON INDIA Dual Adv FTF Sr IX Pl E - GO,RDAIXEDG,NDAIXEDG,30-OCT-2019
NIPPON INDIA MF - NIPPON INDIA Dual Adv FTF Sr IX Pl F - DP-DPO,RDAIXFDDD,NDAIXFDDD,30-OCT-2019
NIPPON INDIA MF - NIPPON INDIA Dual Adv FTF Sr IX Pl F - DP-GO,RDAIXFDDG,NDAIXFDDG,30-OCT-2019
NIPPON INDIA MF - NIPPON INDIA Dual Adv FTF Sr IX Pl F - DPO,RDAIXFDD,NDAIXFDD,30-OCT-2019
NIPPON INDIA MF - NIPPON INDIA Dual Adv FTF Sr IX Pl F - GO,RDAIXFDG,NDAIXFDG,30-OCT-2019
NIPPON INDIA MF - NIPPON INDIA Dual Adv FTF Sr VII Pl C - DP-GO,RDAVIIPCDG,NDAVIIPCDG,30-OCT-2019
NIPPON INDIA MF - NIPPON INDIA Dual Adv FTF Sr VII Pl D - DP-DPO,RDAVIIPDDD,NDAVIIPDDD,30-OCT-2019
NIPPON INDIA MF - NIPPON INDIA Dual Adv FTF Sr VII Pl D - DP-GO,RDAVIIPDDG,NDAVIIPDDG,30-OCT-2019
NIPPON INDIA MF - NIPPON INDIA Dual Adv FTF Sr VII Pl D - DPO,RDAVIIPDD,NDAVIIPDD,30-OCT-2019
NIPPON INDIA MF - NIPPON INDIA Dual Adv FTF Sr VII Pl D - O,RDAVIIPDG,NDAVIIPDG,30-OCT-2019
NIPPON INDIA MF - NIPPON INDIA Dual Adv FTF Sr VIII Pl C - DP-DPO,RDAFVIIICX,NDAFVIIICX,30-OCT-2019
NIPPON INDIA MF - NIPPON INDIA Dual Adv FTF Sr VIII Pl C - DPO,RDAFVIIICD,NDAFVIIICD,30-OCT-2019
NIPPON INDIA MF - NIPPON INDIA Dual Adv FTF Sr X Pl A - DP-DPO,RDAXADDD,NDAXADDD,30-OCT-2019
NIPPON INDIA MF - NIPPON INDIA Dual Adv FTF Sr X Pl A - DP-GO,RDAXADDG,NDAXADDG,30-OCT-2019
NIPPON INDIA MF - NIPPON INDIA Dual Adv FTF Sr X Pl A - DPO,RDAXADD,NDAXADD,30-OCT-2019
NIPPON INDIA MF - NIPPON INDIA Dual Adv FTF Sr X Pl A - GO,RDAXADG,NDAXADG,30-OCT-2019
NIPPON INDIA MF - NIPPON INDIA Dual Adv FTF Sr X Pl D - DP-DPO,RDAXDDDD,NDAXDDDD,30-OCT-2019
NIPPON INDIA MF - NIPPON INDIA Dual Adv FTF Sr X Pl D - DP-GO,RDAXDDDG,NDAXDDDG,30-OCT-2019
NIPPON INDIA MF - NIPPON INDIA Dual Adv FTF Sr X Pl D - DPO,RDAXDDD,NDAXDDD,30-OCT-2019
NIPPON INDIA MF - NIPPON INDIA Dual Adv FTF Sr X Pl D - GO,RDAXDDG,NDAXDDG,30-OCT-2019
NIPPON INDIA MF - NIPPON INDIA Dual Adv FTF V - Pl C - DP-GO ,RDAFTVCDG,NDAFTVCDG,30-OCT-2019
NIPPON INDIA MF - NIPPON INDIA Dual Adv FTF V - Pl C - DPO,RDAFTFVCD,NDAFTFVCD,30-OCT-2019
NIPPON INDIA MF - NIPPON INDIA Dual Adv FTF V - Pl C - GO,RDAFTFVCG,NDAFTFVCG,30-OCT-2019
NIPPON INDIA MF - NIPPON INDIA Dual Advantage FTF XI Plan C - DP - DPO,RDAXICDDD,NDAXICDDD,30-OCT-2019
NIPPON INDIA MF - NIPPON INDIA Dual Advantage FTF XI Plan C - DP - GO,RDAXICDDG,NDAXICDDG,30-OCT-2019
NIPPON INDIA MF - NIPPON INDIA Dual Advantage FTF XI Plan C - DPO,RDAXICDD,NDAXICDD,30-OCT-2019
NIPPON INDIA MF - NIPPON INDIA Dual Advantage FTF XI Plan C - GO,RDAXICDG,NDAXICDG,30-OCT-2019
NIPPON INDIA MF - NIPPON INDIA IF - AIF S-I - IDR,RMFINAIDR1,NMFINAIDR1,30-OCT-2019
NIPPON INDIA MF - NIPPON INDIA Intr Fund - QIF SR I-DIV,RMFINQADP1,NMFINQADP1,30-OCT-2019
NIPPON INDIA MF - NIPPON INDIA Intr Fund - QIF SR I-GRW,RMFINQRAG1,NMFINQRAG1,30-OCT-2019
NIPPON INDIA MF - Nippon India DA Fixed Tenure Fund   Sr x Plan B - GO,RDAXBDG,NDAXBDG,30-OCT-2019
NIPPON INDIA MF- Nippon India DA Fixed Tenure Fund Sr x Plan B - DPO,RDAXBDD,NDAXBDD,30-OCT-2019
NIPPON INDIA MF- Nippon India DA Fixed Tenure Fund Sr x Plan B-DP-DPO,RDAXBDDD,NDAXBDDD,30-OCT-2019
NIPPON INDIA MF-Nippon India  Dual Adv. Fix. Ten. Fund Sr.x Plan C-GO,RDAXCDG,NDAXCDG,30-OCT-2019
NIPPON INDIA MF-Nippon India  Dual Adv. Fix.Ten. Fund Sr.x Plan C-DPO,RDAXCDD,NDAXCDD,30-OCT-2019
NIPPON INDIA MF-Nippon India DA Fixed Tenure Fund Sr x Plan B -DP - GO,RDAXBDDG,NDAXBDDG,30-OCT-2019
NIPPON INDIA MF-Nippon India Dual Adv.FixTen. Fund Sr.x Plan C-DP-GO,RDAXCDDG,NDAXCDDG,30-OCT-2019
NIPPON INDIA MF-Nippon India DualAdv. Fix.Ten. Fund Sr.x Plan C-DP-DPO,RDAXCDDD,NDAXCDDD,30-OCT-2019
NIPPON INDIA MUTUAL FUND  - NIPPON INDIA DA-FTF IV-P-C-D,RDAFTFIVCD,NDAFTFIVCD,30-OCT-2019
NIPPON INDIA MUTUAL FUND  - NIPPON INDIA DA-FTF IV-P-C-DD,RDAFTIVCDD,NDAFTIVCDD,30-OCT-2019
NIPPON INDIA MUTUAL FUND  - NIPPON INDIA DA-FTF IV-P-C-DG,RDAFTIVCDG,NDAFTIVCDG,30-OCT-2019
NIPPON INDIA MUTUAL FUND  - NIPPON INDIA DA-FTF IV-P-C-G,RDAFTFIVCG,NDAFTFIVCG,30-OCT-2019
NIPPON INDIA MUTUAL FUND  - NIPPON INDIA DAFTF II - P - G - DP,RDAFTIIPGD,NDAFTIIPGD,30-OCT-2019
NIPPON INDIA MUTUAL FUND  - NIPPON INDIA DAFTF II - P - G - Growth,RDAFTIIPGG,NDAFTIIPGG,30-OCT-2019
NIPPON INDIA MUTUAL FUND  - NIPPON INDIA Dual Ad FTF XI Plan A - GO,RDAXIADG,NDAXIADG,30-OCT-2019
NIPPON INDIA MUTUAL FUND  - NIPPON INDIA Dual Ad FTF XI Plan D-DPDPO,RDAXIDDDD,NDAXIDDDD,30-OCT-2019
NIPPON INDIA MUTUAL FUND  - NIPPON INDIA Dual Ad FTF XI Plan D-DPGO,RDAXIDDDG,NDAXIDDDG,30-OCT-2019
NIPPON INDIA MUTUAL FUND  - NIPPON INDIA Dual Ad FTF XI Plan D-GO,RDAXIDDG,NDAXIDDG,30-OCT-2019
NIPPON INDIA MUTUAL FUND  - NIPPON INDIA Dual Ad FTF XII Plan A-DPDPO,RDAXIIADDD,NDAXIIADDD,30-OCT-2019
NIPPON INDIA MUTUAL FUND - NIPPON INDIA Dual Ad FTF V- Plan H - DPDPO,RDAFDVHDR,NDAFDVHDR,30-OCT-2019
NIPPON INDIA MUTUAL FUND - NIPPON INDIA Dual Ad FTF V- Plan H - DPGO,RDAFDVHGR,NDAFDVHGR,30-OCT-2019
NIPPON INDIA MUTUAL FUND - NIPPON INDIA Dual Ad FTF V- Plan H - DPO,RDAFTVHDR,NDAFTVHDR,30-OCT-2019
NIPPON INDIA MUTUAL FUND - NIPPON INDIA Dual Ad FTF V- Plan H - GO,RDAFTVHGR,NDAFTVHGR,30-OCT-2019
NIPPON INDIA MUTUAL FUND - NIPPON INDIA Dual Ad FTF XI Plan A - DPDPO,RDAXIADDD,NDAXIADDD,30-OCT-2019
NIPPON INDIA MUTUAL FUND - NIPPON INDIA Dual Ad FTF XI Plan A - DPGO,RDAXIADDG,NDAXIADDG,30-OCT-2019
NIPPON INDIA MUTUAL FUND - NIPPON INDIA Dual Ad FTF XI Plan A - DPO,RDAXIADD,NDAXIADD,30-OCT-2019
NIPPON INDIA MUTUAL FUND - NIPPON INDIA Dual Ad Fixed Tenure Fund Seri,RDAXFDDD,NDAXFDDD,30-OCT-2019
NIPPON INDIA MUTUAL FUND -NIPPON INDIA Dual Ad Fixed Tenure Fund  Seri,RDAXFDD,NDAXFDD,30-OCT-2019
NIPPON INDIA MUTUAL FUND -NIPPON INDIA Dual Ad Fixed Tenure Fund XI (P,RDAXIEDG,NDAXIEDG,30-OCT-2019
NIPPON INDIA MUTUAL FUND- NIPPON INDIA Dual Ad FTF XI Plan D-DPO,RDAXIDDD,NDAXIDDD,30-OCT-2019
NIPPON INDIA MUTUAL FUND- NIPPON INDIA Dual Ad FTF XI Sr XI Plan B-DPO,RDAXIBDD,NDAXIBDD,30-OCT-2019
NIPPON INDIA MUTUAL FUND- NIPPON INDIA Dual Ad FTF XI SrXI Plan B-DPGO,RDAXIBDDG,NDAXIBDDG,30-OCT-2019
NIPPON INDIA MUTUAL FUND- NIPPON INDIA Dual Ad FTF XII Plan A-DPGO,RDAXIIADDG,NDAXIIADDG,30-OCT-2019
NIPPON INDIA MUTUAL FUND- NIPPON INDIA Dual Ad FTF XII Plan A-DPO,RDAXIIADD,NDAXIIADD,30-OCT-2019
NIPPON INDIA MUTUAL FUND- NIPPON INDIA Dual Ad FTF XII Plan A-GO,RDAXIIADG,NDAXIIADG,30-OCT-2019
NIPPON INDIA MUTUAL FUND- NIPPON INDIA Dual Ad Fixed Tenure Fund  Seri,RDAXFDG,NDAXFDG,30-OCT-2019
NIPPON INDIA MUTUAL FUND- NIPPON INDIA Dual Ad Fixed Tenure Fund  Seri,RDAXFDDG,NDAXFDDG,30-OCT-2019
NIPPON INDIA MUTUAL FUND- NIPPON INDIA Dual Ad Fixed Tenure Fund V- Pl,RDAFVGDD,NDAFVGDD,30-OCT-2019
NIPPON INDIA MUTUAL FUND- NIPPON INDIA Dual Ad Fixed Tenure Fund V- Pl,RDAFVGDG,NDAFVGDG,30-OCT-2019
NIPPON INDIA MUTUAL FUND- NIPPON INDIA Dual Ad Fixed Tenure Fund V- Pl,RDAFVGGO,NDAFVGGO,30-OCT-2019
NIPPON INDIA MUTUAL FUND- NIPPON INDIA Dual Ad Fixed Tenure Fund V- Pl,RDAFVGDO,NDAFVGDO,30-OCT-2019
NIPPON INDIA MUTUAL FUND- NIPPON INDIA Dual Ad Fixed Tenure Fund XI (P,RDAXIEDDD,NDAXIEDDD,30-OCT-2019
NIPPON INDIA MUTUAL FUND- NIPPON INDIA Dual Ad Fixed Tenure Fund XI (P,RDAXIEDD,NDAXIEDD,30-OCT-2019
NIPPON INDIA MUTUAL FUND- NIPPON INDIA Dual Ad Fixed Tenure Fund XI (P,RDAXIEDDG,NDAXIEDDG,30-OCT-2019
NIPPON INDIA MUTUAL FUND- NIPPON INDIA Int.Fund-QIF-SI-IP-DP-DPO,RMFINQIDP1,NMFINQIDP1,30-OCT-2019
NIPPON INDIA MUTUAL FUND-NIPPON INDIA Dual Ad FTF XI Sr XI Plan B - GO,RDAXIBDG,NDAXIBDG,30-OCT-2019
NIPPON INDIA MUTUAL FUND-NIPPON INDIA Dual Ad FTF XI SrXI Plan B-DPDPO,RDAXIBDDD,NDAXIBDDD,30-OCT-2019
NIPPON INDIA MUTUAL FUND-NIPPON INDIA Int. Fund-AIF-SI - RP- DP - RO,RMFINARDR1,NMFINARDR1,30-OCT-2019
NIPPON INDIA MUTUAL FUND-NIPPON INDIA Int. Fund-QIF-SI-RP-DP-DPO,RMFINQRDP1,NMFINQRDP1,30-OCT-2019
NLC India Limited,NEYVELILIG,NLCINDIA,04-AUG-2016
NXTDIGITAL LIMITED,HINDUJAVEN,NXTDIGITAL,11-NOV-2019
NXTDIGITAL LIMITED,HINDUJATMT,HINDUJAVEN,29-NOV-2007
Nagreeka Exports Limited,NAGREKAEXP,NAGREEKA,22-DEC-2005
Nahar Poly Films Limited,NAHARINVST,NAHARPOLY,15-JUN-2011
Nahar Poly Films Limited,NAHAREXPOT,NAHARINVST,01-NOV-2007
Nalwa Sons Investments Limited,JSTRIPS,NSIL,07-JUN-2005
Nandan Denim Limited,NANDANEXIM,NDL,21-NOV-2013
Nava Bharat Ventures Limited,NAVBARFERO,NBVENTURES,31-JUL-2006
Navneet Education Limited,NAVNETPUBL,NAVNETEDUL,19-SEP-2013
Net 4 India Limited,NET4INDIA,NET4,28-FEB-2011
Netvista Information Technology Limited,KRAFTIND,NETVISTAIT,09-AUG-2000
Neueon Towers Limited,SUJANATWR,NTL,17-FEB-2017
Next Mediaworks Limited,MID-DAY,NEXTMEDIA,15-JUN-2011
Nilkamal Limited,NILKAMPLST,NILKAMAL,05-JAN-2007
Nippon Life India Asset Management Limited,RNAM,NAM-INDIA,23-JAN-2020
Noesis Industries Limited,MVLIND,NOESISIND,04-JUN-2014
Noesis Industries Limited,MEDIA,MVLIND,20-FEB-2009
NuCent Finance Limited,PRESSMAN,NUCENTFIN,20-AUG-2001
OCL India Limited,ORISSACEM,OCL,15-SEP-2004
OM INFRA LIMITED,OMMETALS,OMINFRAL,10-FEB-2021
Oberoi Realty Limited,OBEROIREAL,OBEROIRLTY,10-DEC-2010
Olectra Greentech Limited,GOLDINFRA,OLECTRA,26-JUL-2018
Olectra Greentech Limited,GOLDTELE,GOLDINFRA,29-FEB-2008
Oracle Financial Services Software Limited,I-FLEX,OFSS,18-SEP-2008
Orchid Pharma Limited,ORCHIDCHEM,ORCHIDPHAR,21-DEC-2015
Orient Bell Limited,ORIENTCERA,ORIENTBELL,17-APR-2012
Oriental Trimex Limited,OTL,ORIENTALTL,17-DEC-2009
PAE Limited,PREMAUTOEL,PAEL,23-NOV-2005
PGIM India Dual Advantage Fund - Series 1 - DPG,DPRMDAD1,PGIMDAD1G,22-AUG-2019
PGIM India Dual Advantage Fund - Series 1 - DPQDPO,DPRMDAD3,PGIMDAD3D,22-AUG-2019
PGIM India Dual Advantage Fund - Series 1 - DPRDPO,DPRMDAD2,PGIMDAD2D,22-AUG-2019
PGIM India Dual Advantage Fund - Series 1 - RPADPO,DPRMDAAD,PGIMDAADD,22-AUG-2019
PGIM India Dual Advantage Fund - Series 1 - RPG,DPRMDAGP,PGIMDAGPG,22-AUG-2019
PGIM India Dual Advantage Fund - Series 1 - RPQDPO,DPRMDAQD,PGIMDAQDD,22-AUG-2019
PGIM India Dual Advantage Fund - Series 1 - RPRDPO,DPRMDADP,PGIMDADPD,22-AUG-2019
PGIM India Fixed Duration Fund - Series 31 - DPG,PRM1SD1,PGIM1SD1G,22-AUG-2019
PGIM India Fixed Duration Fund - Series 31 - RPDPO,PRM1SDP,PGIM1SDPD,22-AUG-2019
PGIM India Fixed Duration Fund - Series 31 - RPG,PRM1SGP,PGIM1SGPG,22-AUG-2019
PGIM India Fixed Duration Fund - Series AA - DPG,DPRMAAD1,PGIMAAD1G,22-AUG-2019
PGIM India Fixed Duration Fund - Series AA - DPQDPO,DPRMAAD3,PGIMAAD3D,22-AUG-2019
PGIM India Fixed Duration Fund - Series AA - RPADPO,DPRMAAAD,PGIMAAADD,22-AUG-2019
PGIM India Fixed Duration Fund - Series AA - RPG,DPRMAAGP,PGIMAAGPG,22-AUG-2019
PGIM India Fixed Duration Fund - Series AA - RPQDPO,DPRMAAQD,PGIMAAQDD,22-AUG-2019
PGIM India Fixed Duration Fund - Series AB - DPG,DPRMABD1,PGIMABD1G,22-AUG-2019
PGIM India Fixed Duration Fund - Series AB - RPADPO,DPRMABAD,PGIMABADD,22-AUG-2019
PGIM India Fixed Duration Fund - Series AB - RPG,DPRMABGP,PGIMABGPG,22-AUG-2019
PGIM India Fixed Duration Fund - Series AB - RPQDPO,DPRMABQD,PGIMABQDD,22-AUG-2019
PGIM India Fixed Duration Fund - Series AB - RPRDPO,DPRMABDP,PGIMABDPD,22-AUG-2019
PGIM India Fixed Duration Fund - Series AC - DPADPO,DPRMACD4,PGIMACD4D,22-AUG-2019
PGIM India Fixed Duration Fund - Series AC - DPG,DPRMACD1,PGIMACD1G,22-AUG-2019
PGIM India Fixed Duration Fund - Series AC - DPRDPO,DPRMACD2,PGIMACD2D,22-AUG-2019
PGIM India Fixed Duration Fund - Series AC - RPADPO,DPRMACAD,PGIMACADD,22-AUG-2019
PGIM India Fixed Duration Fund - Series AC - RPG,DPRMACGP,PGIMACGPG,22-AUG-2019
PGIM India Fixed Duration Fund - Series AC - RPQDPO,DPRMACQD,PGIMACQDD,22-AUG-2019
PGIM India Fixed Duration Fund - Series AC - RPRDPO,DPRMACDP,PGIMACDPD,22-AUG-2019
PGIM India Fixed Duration Fund - Series AE - DPADPO,DPRMAED4,PGIMAED4D,22-AUG-2019
PGIM India Fixed Duration Fund - Series AE - DPG,DPRMAED1,PGIMAED1G,22-AUG-2019
PGIM India Fixed Duration Fund - Series AE - RPADPO,DPRMAEAD,PGIMAEADD,22-AUG-2019
PGIM India Fixed Duration Fund - Series AE - RPG,DPRMAEGP,PGIMAEGPG,22-AUG-2019
PGIM India Fixed Duration Fund - Series AE - RPRDPO,DPRMAEDP,PGIMAEDPD,22-AUG-2019
PGIM India Fixed Duration Fund - Series AF - DPADPO,DPRMFAD4,PGIMFAD4D,22-AUG-2019
PGIM India Fixed Duration Fund - Series AF - DPG,DPRMFAD1,PGIMFAD1G,22-AUG-2019
PGIM India Fixed Duration Fund - Series AF - RPADPO,DPRMFAAD,PGIMFAADD,22-AUG-2019
PGIM India Fixed Duration Fund - Series AF - RPG,DPRMFAGP,PGIMFAGPG,22-AUG-2019
PGIM India Fixed Duration Fund - Series AF - RPQDPO,DPRMFAQD,PGIMFAQDD,22-AUG-2019
PGIM India Fixed Duration Fund - Series AG - DPG,DPRMAGD1,PGIMAGD1G,22-AUG-2019
PGIM India Fixed Duration Fund - Series AG - RPG,DPRMAGGP,PGIMAGGPG,22-AUG-2019
PGIM India Fixed Duration Fund - Series AH - DPADPO,DPRMAHD4,PGIMAHD4D,22-AUG-2019
PGIM India Fixed Duration Fund - Series AH - DPG,DPRMAHD1,PGIMAHD1G,22-AUG-2019
PGIM India Fixed Duration Fund - Series AH - DPQDPO,DPRMAHD3,PGIMAHD3D,22-AUG-2019
PGIM India Fixed Duration Fund - Series AH - RPADPO,DPRMAHAD,PGIMAHADD,22-AUG-2019
PGIM India Fixed Duration Fund - Series AH - RPG,DPRMAHGP,PGIMAHGPG,22-AUG-2019
PGIM India Fixed Duration Fund - Series AH - RPQDPO,DPRMAHQD,PGIMAHQDD,22-AUG-2019
PGIM India Fixed Duration Fund - Series AP - DPG,DPRMAPD1G,PGIMAPD1G,22-AUG-2019
PGIM India Fixed Duration Fund - Series AP - RPG,DPRMAPGPG,PGIMAPGPG,22-AUG-2019
PGIM India Fixed Duration Fund - Series AP - RPSDPO,DPRMAPDPD,PGIMAPDPD,22-AUG-2019
PGIM India Fixed Duration Fund - Series AQ - DPG,DPRMAQD1G,PGIMAQD1G,22-AUG-2019
PGIM India Fixed Duration Fund - Series AQ - DPSDPO,DPRMAQD2D,PGIMAQD2D,22-AUG-2019
PGIM India Fixed Duration Fund - Series AQ - RPG,DPRMAQGPG,PGIMAQGPG,22-AUG-2019
PGIM India Fixed Duration Fund - Series AR - DPG,DPRMARD1G,PGIMRAD1G,22-AUG-2019
PGIM India Fixed Duration Fund - Series AR - RPG,DPRMARGPG,PGIMRAGPG,22-AUG-2019
PGIM India Fixed Duration Fund - Series AR - RPQDPO,DPRMARQDD,PGIMRAQDD,22-AUG-2019
PGIM India Fixed Duration Fund - Series AR - RPSDPO,DPRMARDPD,PGIMRADPD,22-AUG-2019
PGIM India Fixed Duration Fund - Series AT - DPG,DPRMATD1G,PGIMATD1G,22-AUG-2019
PGIM India Fixed Duration Fund - Series AT - RPG,DPRMATGPG,PGIMATGPG,22-AUG-2019
PGIM India Fixed Duration Fund - Series AT - RPQDPO,DPRMATQDD,PGIMATQDD,22-AUG-2019
PGIM India Fixed Duration Fund - Series AT - RPSDPO,DPRMATDPD,PGIMATDPD,22-AUG-2019
PGIM India Fixed Duration Fund - Series AU - DPG,DPRMAUD1G,PGIMAUD1G,22-AUG-2019
PGIM India Fixed Duration Fund - Series AU - RPG,DPRMAUGPG,PGIMAUGPG,22-AUG-2019
PGIM India Fixed Duration Fund - Series AU - RPQDPO,DPRMAUQDD,PGIMAUQDD,22-AUG-2019
PGIM India Fixed Duration Fund - Series AU - RPSDPO,DPRMAUDPD,PGIMAUDPD,22-AUG-2019
PGIM India Fixed Duration Fund - Series AY - DPG,DPRMAYD1G,PGIMAYD1G,22-AUG-2019
PGIM India Fixed Duration Fund - Series AY - RPG,DPRMAYGPG,PGIMAYGPG,22-AUG-2019
PGIM India Fixed Duration Fund - Series AZ - DPG,DPRMAZD1G,PGIMAZD1G,22-AUG-2019
PGIM India Fixed Duration Fund - Series AZ - RPG,DPRMAZGPG,PGIMAZGPG,22-AUG-2019
PGIM India Fixed Duration Fund - Series AZ - RPSDPO,DPRMAZDPD,PGIMAZDPD,22-AUG-2019
PGIM India Fixed Duration Fund - Series BA - DPG,DPRMBAD1G,PGIMBAD1G,22-AUG-2019
PGIM India Fixed Duration Fund - Series BA - RPG,DPRMBAGPG,PGIMBAGPG,22-AUG-2019
PGIM India Fixed Duration Fund - Series BA - RPQDPO,DPRMBAQDD,PGIMBAQDD,22-AUG-2019
PGIM India Fixed Duration Fund - Series BA - RPSDPO,DPRMBADPD,PGIMBADPD,22-AUG-2019
PGIM India Fixed Duration Fund - Series BB - DPG,DPRMBBD1G,PGIMBBD1G,22-AUG-2019
PGIM India Fixed Duration Fund - Series BB - RPG,DPRMBBGPG,PGIMBBGPG,22-AUG-2019
PGIM India Fixed Duration Fund - Series BB - RPQDPO,DPRMBBQDD,PGIMBBQDD,22-AUG-2019
PGIM India Fixed Duration Fund - Series BB - RPSDPO,DPRMBBDPD,PGIMBBDPD,22-AUG-2019
PGIM India Fixed Duration Fund - Series BC - DPG,DPRMBCD1G,PGIMBCD1G,22-AUG-2019
PGIM India Fixed Duration Fund - Series BC - DPSDT,DPRMBCD2S,PGIMBCD2S,22-AUG-2019
PGIM India Fixed Duration Fund - Series BC - RPG,DPRMBCGPG,PGIMBCGPG,22-AUG-2019
PGIM India Fixed Duration Fund - Series BC - RPQDPO,DPRMBCQDD,PGIMBCQDD,22-AUG-2019
PGIM India Fixed Duration Fund - Series BC - RPSDPO,DPRMBCDPD,PGIMBCDPD,22-AUG-2019
PGIM India Fixed Duration Fund - Series BE - DPG,DPRMBED1G,PGIMBED1G,22-AUG-2019
PGIM India Fixed Duration Fund - Series BE - RPG,DPRMBEGPG,PGIMBEGPG,22-AUG-2019
PGIM India Fixed Duration Fund - Series BE - RPQDPO,DPRMBEQDD,PGIMBEQDD,22-AUG-2019
PGIM India Fixed Duration Fund - Series BE - RPSDPO,DPRMBEDPD,PGIMBEDPD,22-AUG-2019
PGIM India Large Cap Fund Series 2 - DPDPO,DWSLCFS2DD,PGIMC6D2D,22-AUG-2019
PGIM India Large Cap Fund Series 2 - DPG,DWSLCFS2DG,PGIMC6D1G,22-AUG-2019
PGIM India Large Cap Fund Series 2 - RPDPO,DWSLCFS2RD,PGIMC6DPD,22-AUG-2019
PGIM India Large Cap Fund Series 2 - RPG,DWSLCFS2RG,PGIMC6GPG,22-AUG-2019
PIL ITALICA LIFESTYLE LIMITED,PILIND,PILITA,03-SEP-2015
PSL Limited,PSLHOLD,PSL,19-MAY-2003
PVP Ventures Limited,SOFTSOLINT,PVP,23-JUN-2008
Paisalo Digital Limited,SEINV,PAISALO,24-JAN-2018
Palred Technologies Limited,FOURSOFT,PALRED,16-JAN-2014
Panasonic AVC Networks India Company Limited.,MTAL,PAVCI,12-MAR-2004
Parrys Sugar Industries Limited,GMRINDS,PARRYSUGAR,02-DEC-2010
Pearl Global Industries Limited,HOPFL,PGIL,02-JUL-2012
Peninsula Land Limited,MORAREALTY,PENINLAND,09-JUN-2006
Peninsula Land Limited,MORARJESPG,MORAREALTY,15-OCT-2004
Pharmacia Healthcare Limited,ABBOTTLAB,PHARMACIA,24-MAR-2003
Phoenix Lamps Limited,HALONIX,PHOENIXLL,30-OCT-2013
Phoenix Lamps Limited,PHOENIXLMP,HALONIX,09-MAR-2009
Piramal Enterprises Limited,PIRHEALTH,PEL,21-SEP-2012
Piramal Enterprises Limited,NICOLASPIR,PIRHEALTH,19-JUN-2008
Piramal Glass Limited,GUJGLASS,PIRGLASS,12-MAY-2008
Piramal Phytocare Limited,PIRLIFE,PIRPHYTO,23-OCT-2013
Pitti Engineering Limited,PITTILAM,PITTIENG,06-JUN-2018
Precot Limited,PRECOTMILL,PRECOT,01-NOV-2006
Premier Limited,PREMAUTO,PREMIER,14-JUN-2005
Pressman Advertising Limited,NUCENT,PRESSMN,11-SEP-2013
Pricol Limited,PREMINSTR,PRICOL,16-AUG-2005
Prism Johnson Limited,PRISMCEM,PRSMJOHNSN,04-MAY-2018
Privi Speciality Chemicals Limited,FAIRCHEM,PRIVISCL,14-OCT-2020
Privi Speciality Chemicals Limited,ADI,FAIRCHEM,19-JAN-2017
Procter & Gamble Health Limited,MERCK,PGHL,11-JUN-2019
Procter & Gamble Health Limited,EMERCK,MERCK,05-NOV-2007
Procter & Gamble Hygiene and Health Care Limited,P&G,PGHH,07-JUL-2004
Proseed India Limited,GREENFIRE,PROSEED,18-JUL-2018
Prozone Intu Properties Limited,PROZONECSC,PROZONINTU,07-OCT-2014
Prozone Intu Properties Limited,PROZONE,PROZONECSC,24-SEP-2012
Quintegra Solutions Limited,SOFFIASOFT,QUINTEGRA,22-AUG-2005
RPG Cables Limited,RPGTELECOM,RPGCABLES,04-APR-2006
RPG Transmission Limited,SAELTD,RPGTLTD,05-DEC-2006
RPSG VENTURES LIMITED,CESCVENT,RPSGVENT,01-FEB-2021
RSWM Limited,RAJASSPG,RSWM,01-SEP-2006
Rain Industries Limited,RAINCOM,RAIN,23-AUG-2013
Rain Industries Limited,PRIYADCEM,RAINCOM,03-MAR-2008
Rane Holdings Limited,RANEMADRAS,RANEHOLDIN,22-AUG-2005
RattanIndia Enterprises Limited,RTNINFRA,RTNINDIA,07-APR-2021
RattanIndia Enterprises Limited,IBIPL,RTNINFRA,20-NOV-2014
RattanIndia Power Limited,IBPOW,RTNPOWER,20-NOV-2014
Reliance Broadcast Network Limited,RMEDIA,RBN,20-AUG-2010
Reliance Communications Limited,RCVL,RCOM,30-JUN-2006
Reliance Infrastructure Limited,REL,RELINFRA,16-MAY-2008
Reliance Infrastructure Limited,BSES,REL,12-MAR-2004
Reliance MediaWorks Limited,ADLABSFILM,RELMEDIA,20-OCT-2009
Reliance Naval and Engineering Limited,RDEL,RNAVAL,18-SEP-2017
Reliance Naval and Engineering Limited,PIPAVAVDOC,RDEL,18-MAR-2016
Reliance Naval and Engineering Limited,PIPAVAVYD,PIPAVAVDOC,29-SEP-2011
Renaissance Global Limited,RJL,RGL,08-APR-2019
Roofit Industries Limited,RATNABLDG,ROOFITIND,15-SEP-1999
SBI-ETF Gold,SBIGETS,SETFGOLD,24-NOV-2015
SBI-ETF Nifty 50,SETFNIFTY,SETFNIF50,24-NOV-2015
SBI-ETF Nifty Bank,SETFBANK,SETFNIFBK,24-NOV-2015
SBI-ETF Nifty Next 50,SETFNIFJR,SETFNN50,24-NOV-2015
SECUREKLOUD TECHNOLOGIES LIMITED,8KMILES,SECURKLOUD,20-JAN-2021
SI Group - India Limited,SCHENHERD,SIGROUPIND,28-NOV-2006
SI Group - India Limited,HERDILCHEM,SCHENHERD,04-APR-2006
SIL Investments Limited,SUTLEJINDS,SILINV,21-JUN-2007
SKF India Limited,SKFBEARING,SKFINDIA,20-OCT-2004
SKIL Infrastructure Limited,HORIZONINF,SKIL,24-MAR-2014
SKIL Infrastructure Limited,HORIZONBAT,HORIZONINF,22-FEB-2008
SML Isuzu Limited,SWARAJMAZD,SMLISUZU,17-JAN-2011
SORIL Infra Resources Limited,STOREONE,SORILINFRA,10-JAN-2017
SORIL Infra Resources Limited,IBRETAILS,STOREONE,26-OCT-2009
SORIL Infra Resources Limited,PIRAMYDRET,IBRETAILS,09-JUN-2008
SPICEJET LTD,MODILUFT,SPICEJET,19-AUG-2019
SPML Infra Limited,SUBHASPROJ,SPMLINFRA,14-MAY-2010
SREI Infrastructure Finance Limited,SREINTFIN,SREINFRA,21-JUL-2010
SVOGL Oil Gas And Energy Limited,SHIV-VANI,SVOGL,23-OCT-2015
Sagar Cements Limited,SAGARCEM,SAGCEM,29-JAN-2007
Sambhaav Media Limited,PERLENGINF,SAMBHAAV,18-OCT-2005
Sanofi India Limited,AVENTIS,SANOFI,11-JUL-2012
Sanofi India Limited,HOECHST,AVENTIS,19-MAY-2003
Saregama India Limited,GRAMOPHONE,SAREGAMA,20-AUG-2001
Sastasundar Ventures Limited,MICROSEC,SASTASUNDR,22-NOV-2016
Sathavahana Ispat Limited,SATHVANISP,SATHAISPAT,27-DEC-2006
Savita Oil Technologies Limited,SAVITACHEM,SOTL,24-AUG-2009
Schaeffler India Limited,FAGBEARING,SCHAEFFLER,01-AUG-2017
Schaeffler India Limited,FAGPRECISN,FAGBEARING,20-AUG-2001
Seamec Limited,PEERLESHIP,SEAMECLTD,20-AUG-2001
Setubandhan Infrastructure Limited,PRAKASHCON,SETUINFRA,30-JUL-2019
Sezal Glass Limited,SEJALGLASS,SEZALGLASS,14-JUL-2010
Shalimar Paints Limited,SHALMPAINT,SHALPAINTS,03-MAR-2008
Shasun Pharmaceuticals Limited,SHASUNCHEM,SHASUNPHAR,28-JAN-2011
Shirpur Gold Refinery Limited,AGEEGOLD,SHIRPUR-G,17-JAN-2013
Shiva Texyarn Limited,ANAMALFIN,SHIVTEX,22-JAN-2004
Shreyas Shipping & Logistics Limited,SHREYASHIP,SHREYAS,03-APR-2006
Shri Aster Silicates Limited,ASTERSILI,SHRIASTER,03-FEB-2014
Simplex Infrastructures Limited,SIMPLEXCON,SIMPLEXINF,21-DEC-2005
Siti Networks Limited,SITICABLE,SITINET,17-AUG-2016
Siti Networks Limited,WWIL,SITICABLE,03-OCT-2012
Siyaram Silk Mills Limited,SIYARSILK,SIYSIL,29-JAN-2007
Smartlink Holdings Limited,D-LINK,SMARTLINK,29-JUL-2009
Solar Industries India Limited,SOLAREX,SOLARINDS,13-APR-2009
Somany Ceramics Limited,SPLLTD,SOMANYCERA,21-MAR-2007
Sovereign Gold Bonds 2.75% NOV 2023 Tr-I,GBNOV23,SBNOV23,15-SEP-2016
Sovereign Gold Bonds 2.75% NOV 2023 Tr-I,SBNOV23,SGBNOV23,15-SEP-2016
Spentex Industries Limited,SPENTXIND,SPENTEX,20-DEC-2006
Sri Havisha Hospitality and Infrastructure Limited,SHAKTIGAS,HAVISHA,12-APR-2018
Srikalahasthi Pipes Limited,LANCOIN,SRIPIPES,17-DEC-2014
Srikalahasthi Pipes Limited,LANCOIND,LANCOIN,28-AUG-2007
Stel Holdings Limited,SENTINEL,STEL,08-NOV-2011
Sterling Biotech Limited,STERLINTEA,STERLINBIO,09-JUL-2003
Sterlite Technologies Limited,STRTECH,STLTECH,29-OCT-2020
Sterlite Technologies Limited,STROPTICAL,STRTECH,17-DEC-2007
Summit Securities Limited,KECINFRA,SUMMIT,21-APR-2008
Summit Securities Limited,KECINTL,KECINFRA,21-FEB-2006
Sunflag Iron And Steel Company Limited,SUNFLAGIRN,SUNFLAG,29-SEP-2005
Supreme Tex Mart Limited,SUPREMYARN,SUPREMETEX,15-FEB-2008
Surana Solar Limited,SURANAVEL,SURANASOL,19-NOV-2014
Surana Telecom and Power Limited,SURANATELE,SURANAT&P,08-FEB-2010
Swelect Energy Systems Limited,NUMERICPW,SWELECTES,09-JUL-2012
TATA CONSUMER PRODUCTS LIMITED,TATAGLOBAL,TATACONSUM,27-FEB-2020
TATA CONSUMER PRODUCTS LIMITED,TATATEA,TATAGLOBAL,21-JUL-2010
TGB Banquets And Hotels Limited,BHAGWATIHO,TGBHOTELS,31-MAY-2013
TV18 Broadcast Limited,IBN18,TV18BRDCST,19-JUL-2011
TV18 Broadcast Limited,GBN,IBN18,15-MAY-2008
TVS Motor Company Limited,TVS-SUZUKI,TVSMOTOR,03-DEC-2001
TVS Srichakra Limited,SRICHAKTYR,TVSSRICHAK,13-FEB-2007
Tarmat Limited,ROMAN,TARMAT,12-SEP-2012
Tata Coffee Limited,CONSCOFFEE,TATACOFFEE,04-APR-2006
Tata Communications Limited,VSNL,TATACOMM,25-FEB-2008
Tata Investment Corporation Limited,INVESTCORP,TATAINVEST,07-JUL-2005
Tata Motors Limited,TELCO,TATAMOTORS,26-DEC-2003
Tata Steel Bsl Limited,BHUSANSTL,TATASTLBSL,10-DEC-2018
Tata Steel Limited,TISCO,TATASTEEL,17-OCT-2005
Tata Steel Long Products Limited,TATASPONGE,TATASTLLP,03-SEP-2019
Tata Steel Long Products Limited,IPITATASPO,TATASPONGE,11-FEB-2004
Tata Teleservices (Maharashtra) Limited,TATATELSER,TTML,14-JAN-2005
Tata Teleservices (Maharashtra) Limited,HUGHESTELE,TATATELSER,25-JUN-2003
Techindia Nirman Limited,NATHSEED,TECHIN,31-OCT-2014
Tembo Global Industries Limited,SAKETH,TEMBO,13-APR-2020
Texmaco Infrastructure & Holdings Limited,TEXMACOLTD,TEXINFRA,20-MAR-2012
The Investment Trust Of India Limited,FORTUNEFIN,THEINVEST,25-JUL-2018
The Madras Aluminium Company Limited,MADRASALMN,MALCO,12-APR-2007
The Ramco Cements Limited,MADRASCEM,RAMCOCEM,30-SEP-2013
Timken India Limited,TATATIMKEN,TIMKEN,06-FEB-2007
Tirupati Forge Limited,FORGE,TIRUPATIFL,15-JAN-2018
Torrent Power AEC Limited,AHMEDELEC,TORRENTAEC,17-JUN-2005
Torrent Power SEC Limited,SURATELEC,TORRENTSEC,07-JUN-2005
Trent Limited,LAKME,TRENT,07-JUN-2004
Trident Limited,ABSHEKINDS,TRIDENT,03-MAY-2011
Trigyn Technologies Limited,LEADEDSYS,TRIGYN,26-JUL-2005
UFLEX Limited,FLEX,UFLEX,17-APR-2007
UPL Limited,UNIPHOS,UPL,23-OCT-2013
Ujaas Energy Limited,MBSWITCH,UJAAS,23-SEP-2013
Usha Martin Education & Solutions Limited,UMITL,UMESL,07-JAN-2010
Usha Martin Limited,USHABEL,USHAMART,20-OCT-2004
Uttam Value Steels Limited,LLOYDSTEEL,UTTAMVALUE,29-APR-2013
V2 Retail Limited,VISHALRET,V2RETAIL,24-FEB-2012
VA Tech Wabag Limited,VATECH,WABAG,15-DEC-2010
VIP Clothing Limited,MAXWELL,VIPCLOTHNG,21-DEC-2016
VTX Industries Limited,VIJAYTEX,VTXIND,04-APR-2011
Vaibhav Global Limited,VAIBHAVGEM,VAIBHAVGBL,24-DEC-2012
Vakrangee Limited,VAKRANSOFT,VAKRANGEE,27-NOV-2013
Value Industries Limited,VDOCONAPPL,VALUEIND,22-MAY-2008
Vardhman Holdings Limited,VSGML,VHL,17-APR-2006
Vardhman Textiles Limited,MAHAVIRSPG,VTL,11-OCT-2006
Vatsa Music Limited,BABABUSERV,VATSMUSC,20-AUG-2001
Vedanta Limited,SSLT,VEDL,07-MAY-2015
Vedanta Limited,SESAGOA,SSLT,04-OCT-2013
Venky's (India) Limited,WESTHATCH,VENKEYS,17-SEP-2003
Videocon Industries Limited,VDOLEASE,VIDEOIND,21-SEP-2004
Vidhi Specialty Food Ingredients Limited,VIDHIDYE,VIDHIING,01-MAR-2017
Vikas EcoTech Limited,VIKASGLOB,VIKASECO,21-DEC-2015
Vikas Lifecare Limited,VIKASMCORP,VIKASLIFE,06-MAY-2021
W S Industries (I) Limited,WSIND,WSI,01-AUG-2007
WABCO India Limited,WABCO-TVS,WABCOINDIA,06-SEP-2011
WE WIN LIMITED,SUREVIN,WEWIN,01-JUL-2020
Wartsila India Limited,WARTDEISEL,WARTSILA,20-SEP-2000
Welspun Corp Limited,WELGUJ,WELCORP,17-MAY-2010
Welspun Enterprises Limited,WELPROJ,WELENT,24-JUN-2015
Welspun Enterprises Limited,MSKPROJ,WELPROJ,04-JAN-2011
Wendt (India) Limited,WENDTINDIA,WENDT,07-AUG-2006
Windsor Machines Limited,DGPWINDSOR,WINDSOR,05-APR-2005
Winsome Diamonds and Jewellery Limited,SURAJDIAMN,WINSOMEDJ,24-JUL-2012
Wopolin Plastics Limited,BAJAJPLAST,WOPOLIN,23-NOV-2005
Wyeth Limited,WYETHLEDE,WYETH,01-SEP-2006
XL Energy Limited,XLTELENE,XLENERGY,13-DEC-2010
XL Energy Limited,XLTL,XLTELENE,22-JUL-2009
Xchanging Solutions Limited,CAMBRIDGE,XCHANGING,25-JUN-2012
Xchanging Solutions Limited,SCANDENT,CAMBRIDGE,17-JUL-2006
Yaarii Digital Integrated Services Limited,IBULISL,YAARII,08-DEC-2020
Yaarii Digital Integrated Services Limited,SORILHOLD,IBULISL,08-JUN-2018
Yaarii Digital Integrated Services Limited,IBWSL,SORILHOLD,18-APR-2017
Zandu Realty Limited,ZANDUPHARM,ZANDUREALT,10-MAR-2010
Zee Entertainment Enterprises Limited,ZEETELE,ZEEL,28-FEB-2007
Zee Media Corporation Limited,ZEENEWS,ZEEMEDIA,30-JUL-2013
Zenith Steel Pipes & Industries Limited,ZENITHBIR,ZENITHSTL,19-AUG-2020
Zensar Technologies Limited,FUJITSICIM,ZENSARTECH,04-MAR-2004
Zuari Global Limited,ZUARIAGRO,ZUARIGLOB,25-SEP-2012
e-Serve International Limited,CITICORSEC,E-SERVEINT,09-JUL-2003
iGate Global Solutions Limited,MASCOT,IGS,07-AUG-2003
